术语条目/a0	private/term-a0.wiki
术语条目/Rayleigh长度	private/term-rayleigh-length.wiki
术语条目/临界密度	private/term-critical-density.wiki
术语条目/Strehl比	private/term-strehl-ratio.wiki
术语条目/束腰w0	private/term-waist-w0.wiki
术语条目/对比度	private/term-contrast.wiki
术语条目/预等离子体	private/term-preplasma.wiki
术语条目/峰值功率	private/term-peak-power.wiki
设备条目/可变形镜	private/device-deformable-mirror.wiki
设备条目/双等离子体镜	private/device-double-plasma-mirror.wiki
设备条目/离轴抛物镜	private/device-oap.wiki
设备条目/三阶自相关仪	private/device-third-order-autocorrelator.wiki
设备条目/汤姆逊抛物谱仪	private/device-tps.wiki
设备条目/RCF堆栈	private/device-rcf-stack.wiki
设备条目/等离子体镜腔体	private/device-plasma-mirror-chamber.wiki
机制条目/TNSA	private/mechanism-tnsa.wiki
机制条目/RPA	private/mechanism-rpa.wiki
机制条目/透明化相关机制	private/mechanism-transparency.wiki
机制条目/CSA与ESA	private/mechanism-csa-esa.wiki
机制条目/MVA	private/mechanism-mva.wiki
机制条目/BOA	private/mechanism-boa.wiki
机制条目/Hole-BoringRPA	private/mechanism-hole-boring-rpa.wiki
诊断条目/TPS	private/diagnostic-entry-tps.wiki
诊断条目/RCF	private/diagnostic-entry-rcf.wiki
诊断条目/三阶自相关	private/diagnostic-entry-third-order-autocorrelator.wiki
诊断条目/FROG	private/diagnostic-entry-frog.wiki
诊断条目/SPIDER	private/diagnostic-entry-spider.wiki
诊断条目/对比度测量	private/diagnostic-entry-contrast.wiki
诊断条目/在线判靶	private/diagnostic-entry-shot-judging.wiki
文献导读/TajimaDawson1979	private/literature-guide-tajima-dawson-1979.wiki
文献导读/Esarey2009	private/literature-guide-esarey-2009.wiki
文献导读/Daido2012	private/literature-guide-daido-2012.wiki
文献导读/StricklandMourou1985	private/literature-guide-strickland-mourou-1985.wiki
文献导读/Macchi2013	private/literature-guide-macchi-2013.wiki
文献导读/Quere2006	private/literature-guide-quere-2006.wiki
文献导读/Levy2007	private/literature-guide-levy-2007.wiki
